{
  "products":  {
    "КОФЕ": [
      {
        "name": "Смесь",
        "quantity": [
          "надо",
          "не надо"
        ]
      },
      {
        "name": "Арабика",
        "quantity": [
          "надо",
          "не надо"
        ]
      }
    ],
    "ЧАЙ": [
      {
        "name": "Зеленый Ганпаудер",
        "quantity": [
          "надо",
          "не надо"
        ]
      },
      {
        "name": "Баунти-рафаэлло",
        "quantity": [
          "надо",
          "не надо"
        ]
      },
      {
        "name": "Каркадэ",
        "quantity": [
          "Надо",
          "не надо"
        ]
      },
      {
        "name": "Мулен руж",
        "quantity": [
          "надо",
          "не надо"
        ]
      },
      {
        "name": "Малиновый с мятой",
        "quantity": [
          "надо",
          "не надо"
        ]
      },
      {
        "name": "Какао",
        "quantity": [
          "надо",
          "не надо"
        ]
      }
    ],
    "МОЛОЧНОЕ": [
      {
        "name": "Молоко Бариста",
        "quantity": [
          "2 коробки",
          "3 коробки",
          "4 коробки"
        ]
      },
      {
        "name": "Сливки 10% Бариста",
        "quantity": [
          "1 коробка",
          "2 коробки"
        ]
      },
      {
        "name": "Сливки взбитые",
        "quantity": [
          "1шт",
          "2шт",
          "3шт"
        ]
      },
      {
        "name": "Молоко банан",
        "quantity": [
          "надо",
          "не надо"
        ]
      },
      {
        "name": "Молоко ваниль",
        "quantity": [
          "надо",
          "не надо"
        ]
      },
      {
        "name": "Молоко кокос",
        "quantity": [
          "надо",
          "не надо"
        ]
      },
      {
        "name": "Молоко миндаль",
        "quantity": [
          "надо",
          "не надо"
        ]
      },
      {
        "name": "Молоко фундук",
        "quantity": [
          "надо",
          "не надо"
        ]
      },
      {
        "name": "Безлактозное",
        "quantity": [
          "надо",
          "не надо"
        ]
      }
    ],
    "МОРОЖЕНОЕ": [
      {
        "name": "Пломбир",
        "quantity": [
          "надо",
          "не надо"
        ]
      },
      {
        "name": "Шоколадное",
        "quantity": [
          "надо",
          "не надо"
        ]
      },
      {
        "name": "Клубника",
        "quantity": [
          "надо",
          "не надо"
        ]
      },
      {
        "name": "Другой вкус",
        "quantity": [
          "малина",
          "фисташка",
          "банан",
          "ром-изюм",
          "карамель",
          "мишки-гамми",
          "йогурт-черника"
        ]
      }
    ],
    "ДЛЯ БАБЛ ТИ": [
      {
        "name": "Яблоко",
        "quantity": [
          "надо",
          "не надо"
        ]
      },
      {
        "name": "Манго",
        "quantity": [
          "надо",
          "не надо"
        ]
      },
      {
        "name": "Йогурт",
        "quantity": [
          "надо",
          "не надо"
        ]
      },
      {
        "name": "Персик",
        "quantity": [
          "надо",
          "не надо"
        ]
      },
      {
        "name": "Виноград",
        "quantity": [
          "надо",
          "не надо"
        ]
      },
      {
        "name": "Маракуйя",
        "quantity": [
          "надо",
          "не надо"
        ]
      },
      {
        "name": "Фруктоза",
        "quantity": [
          "1бут",
          "2 бут"
        ]
      }
    ],
    "СИРОПЫ ДЛЯ КОФЕ": [
      {
        "name": "Карамель",
        "quantity": [
          "надо",
          "не надо"
        ]
      },
      {
        "name": "Соленая карамель",
        "quantity": [
          "надо",
          "не надо"
        ]
      },
      {
        "name": "Ваниль-табак",
        "quantity": [
          "надо",
          "не надо"
        ]
      },
      {
        "name": "Кокос",
        "quantity": [
          "надо",
          "не надо"
        ]
      },
      {
        "name": "Белый шоколад",
        "quantity": [
          "надо",
          "не надо"
        ]
      },
      {
        "name": "Шоколадное печенье",
        "quantity": [
          "надо",
          "не надо"
        ]
      },
      {
        "name": "Айришь",
        "quantity": [
          "надо",
          "не надо"
        ]
      },
      {
        "name": "Брауни",
        "quantity": [
          "надо",
          "не надо"
        ]
      },
      {
        "name": "Маккадамия",
        "quantity": [
          "надо",
          "не надо"
        ]
      },
      {
        "name": "Попкорн",
        "quantity": [
          "надо",
          "не надо"
        ]
      },
      {
        "name": "Миндаль",
        "quantity": [
          "надо",
          "не надо"
        ]
      },
      {
        "name": "Лаванда",
        "quantity": [
          "надо",
          "не надо"
        ]
      },
      {
        "name": "Кленовый",
        "quantity": [
          "надо",
          "не надо"
        ]
      },
      {
        "name": "Мята зеленая",
        "quantity": [
          "надо",
          "не надо"
        ]
      },
      {
        "name": "Каштан",
        "quantity": [
          "надо",
          "не надо"
        ]
      },
      {
        "name": "Сироп матча",
        "quantity": [
          "надо",
          "не надо"
        ]
      }
    ],
    "СИРОПЫ ДЛЯ БАБЛ ТИ И ЛИМОНАДОВ": [
      {
        "name": "Банан",
        "quantity": [
          "надо",
          "не надо"
        ]
      },
      {
        "name": "Клубника",
        "quantity": [
          "надо",
          "не надо"
        ]
      },
      {
        "name": "Малина",
        "quantity": [
          "надо",
          "не надо"
        ]
      },
      {
        "name": "Лайм",
        "quantity": [
          "надо",
          "не надо"
        ]
      },
      {
        "name": "Вишня",
        "quantity": [
          "надо",
          "не надо"
        ]
      },
      {
        "name": "Манго",
        "quantity": [
          "надо",
          "не надо"
        ]
      },
      {
        "name": "Ежевика",
        "quantity": [
          "надо",
          "не надо"
        ]
      },
      {
        "name": "Орхидея",
        "quantity": [
          "надо",
          "не надо"
        ]
      },
      {
        "name": "Маракуйя",
        "quantity": [
          "надо",
          "не надо"
        ]
      },
      {
        "name": "Ананас",
        "quantity": [
          "надо",
          "не надо"
        ]
      },
      {
        "name": "Смородина",
        "quantity": [
          "надо",
          "не надо"
        ]
      }
    ],
    "МАТЧА": [
      {
        "name": "Зеленая",
        "quantity": [
          "надо",
          "не надо"
        ]
      },
      {
        "name": "Синяя",
        "quantity": [
          "надо",
          "не надо"
        ]
      },
      {
        "name": "Розовая",
        "quantity": [
          "надо",
          "не надо"
        ]
      }
    ],
    "Пюре": [
      {
        "name": "Черника",
        "quantity": [
          "надо",
          "не надо"
        ]
      },
      {
        "name": "Киви",
        "quantity": [
          "надо",
          "не надо"
        ]
      },
      {
        "name": "Груша",
        "quantity": [
          "надо",
          "не надо"
        ]
      },
      {
        "name": "Манго-маракуйя",
        "quantity": [
          "надо",
          "не надо"
        ]
      },
      {
        "name": "Банан",
        "quantity": [
          "надо",
          "не надо"
        ]
      },
      {
        "name": "Смородина",
        "quantity": [
          "надо",
          "не надо"
        ]
      },
      {
        "name": "Яблоко",
        "quantity": [
          "надо",
          "не надо"
        ]
      }
    ],
    "НАПИТКИ": [
      {
        "name": "Спрайт 2л",
        "quantity": [
          "6шт",
          "12шт",
          "18шт"
        ]
      },
      {
        "name": "Бонаква газ 2л",
        "quantity": [
          "6шт",
          "12шт",
          "18шт"
        ]
      },
      {
        "name": "Кока кола 0,5",
        "quantity": [
          "1 коробка",
          "2 коробки"
        ]
      },
      {
        "name": "Фанта 0,5",
        "quantity": [
          "1 коробка",
          "2 коробки"
        ]
      },
      {
        "name": "Спрайт 0,5",
        "quantity": [
          "1 коробка",
          "2 коробки"
        ]
      },
      {
        "name": "Тоник 1л",
        "quantity": [
          "1 коробка",
          "2 коробки"
        ]
      }
    ],
    "УКРАШЕНИЯ": [
      {
        "name": "Топинг Халва",
        "quantity": [
          "надо",
          "не надо"
        ]
      },
      {
        "name": "Топинг Шоколад",
        "quantity": [
          "надо",
          "не надо"
        ]
      },
      {
        "name": "Топинг Карамель",
        "quantity": [
          "надо",
          "не надо"
        ]
      },
      {
        "name": "Топинг клубника",
        "quantity": [
          "надо",
          "не надо"
        ]
      },
      {
        "name": "Посыпка шарики",
        "quantity": [
          "надо",
          "не надо"
        ]
      },
      {
        "name": "Кокосовая стружка",
        "quantity": [
          "надо",
          "не надо"
        ]
      },
      {
        "name": "Маршмеллоу",
        "quantity": [
          "надо",
          "не надо"
        ]
      }
    ],
    "ДЛЯ ХОТ_ДОГОВ": [
      {
        "name": "Булочки",
        "quantity": [
          "надо",
          "не надо"
        ]
      },
      {
        "name": "Сосиски свинина",
        "quantity": [
          "надо",
          "не надо"
        ]
      },
      {
        "name": "Сосиски говядина",
        "quantity": [
          "надо",
          "не надо"
        ]
      },
      {
        "name": "Сосиски курица",
        "quantity": [
          "надо",
          "не надо"
        ]
      },
      {
        "name": "Кетчуп",
        "quantity": [
          "надо",
          "не надо"
        ]
      },
      {
        "name": "Майонез",
        "quantity": [
          "надо",
          "не надо"
        ]
      },
      {
        "name": "Горчица",
        "quantity": [
          "надо",
          "не надо"
        ]
      }
    ],
    "КОНДИТЕРКА": [
      {
        "name": "Пончики Нутлелла",
        "quantity": [
          "надо",
          "не надо"
        ]
      },
      {
        "name": "Пончики фисташка",
        "quantity": [
          "надо",
          "не надо"
        ]
      },
      {
        "name": "Пончики черника",
        "quantity": [
          "надо",
          "не надо"
        ]
      },
      {
        "name": "Пончики кокос",
        "quantity": [
          "надо",
          "не надо"
        ]
      },
      {
        "name": "Пончики банан",
        "quantity": [
          "надо",
          "не надо"
        ]
      },
      {
        "name": "Пончики манго",
        "quantity": [
          "надо",
          "не надо"
        ]
      },
      {
        "name": "Пончики смородина",
        "quantity": [
          "надо",
          "не надо"
        ]
      },
      {
        "name": "Чизкейк ньй-йорк",
        "quantity": [
          "надо",
          "не надо"
        ]
      },
      {
        "name": "Чизкейк 2 вид",
        "quantity": [
          "надо",
          "не надо"
        ]
      },
      {
        "name": "Маффин ассортимент",
        "quantity": [
          "надо",
          "не надо"
        ]
      },
      {
        "name": "Пирожное ассортимент",
        "quantity": [
          "надо",
          "не надо"
        ]
      }
    ],
    "СТАКАНЫ": [
      {
        "name": "100мл для эспрессо/лунго/доппио",
        "quantity": [
          "надо",
          "не надо"
        ]
      },
      {
        "name": "175мл",
        "quantity": [
          "надо",
          "не надо"
        ]
      },
      {
        "name": "250мл брендированные",
        "quantity": [
          "надо",
          "не надо"
        ]
      },
      {
        "name": "350мл брендированные",
        "quantity": [
          "надо",
          "не надо"
        ]
      },
      {
        "name": "450мл",
        "quantity": [
          "надо",
          "не надо"
        ]
      },
      {
        "name": "350мл купольные",
        "quantity": [
          "надо",
          "не надо"
        ]
      },
      {
        "name": "450 мл купольные",
        "quantity": [
          "надо",
          "не надо"
        ]
      },
      {
        "name": "Для бабл ти двойные",
        "quantity": [
          "надо",
          "не надо"
        ]
      }
    ],
    "ПРОЧАЯ УПАКОВКА": [
      {
        "name": "Трубоки для бабл ти",
        "quantity": [
          "надо",
          "не надо"
        ]
      },
      {
        "name": "Трубочик разноцветные",
        "quantity": [
          "надо",
          "не надо"
        ]
      },
      {
        "name": "Трубочки черные",
        "quantity": [
          "надо",
          "не надо"
        ]
      },
      {
        "name": "Пакетики для чая",
        "quantity": [
          "надо",
          "не надо"
        ]
      },
      {
        "name": "Манжеты для стаканов",
        "quantity": [
          "надо",
          "не надо"
        ]
      },
      {
        "name": "Переноски 2х",
        "quantity": [
          "надо",
          "не надо"
        ]
      },
      {
        "name": "Переноски 4х",
        "quantity": [
          "надо",
          "не надо"
        ]
      },
      {
        "name": "Размешиватели",
        "quantity": [
          "надо",
          "не надо"
        ]
      },
      {
        "name": "Порционный сахар",
        "quantity": [
          "надо",
          "не надо"
        ]
      },
      {
        "name": "Салфетки",
        "quantity": [
          "надо",
          "не надо"
        ]
      },
      {
        "name": "Бумажные полотенца",
        "quantity": [
          "надо",
          "не надо"
        ]
      },
      {
        "name": "Перчатки черные нейлон",
        "quantity": [
          "надо",
          "не надо"
        ]
      },
      {
        "name": "Перчатки целофан",
        "quantity": [
          "надо",
          "не надо"
        ]
      },
      {
        "name": "Мусорные пакеты 120л",
        "quantity": [
          "надо",
          "не надо"
        ]
      },
      {
        "name": "Мусорные пакеты 60л",
        "quantity": [
          "надо",
          "не надо"
        ]
      },
      {
        "name": "Пакеты крафт кондитерка большие",
        "quantity": [
          "надо",
          "не надо"
        ]
      },
      {
        "name": "Пакетики для пончиков",
        "quantity": [
          "надо",
          "не надо"
        ]
      },
      {
        "name": "Пакетики для хот-догов",
        "quantity": [
          "надо",
          "не надо"
        ]
      },
      {
        "name": "Наклейки круглые фрешкофф",
        "quantity": [
          "надо",
          "не надо"
        ]
      },
      {
        "name": "Наклейки дизайн цитаты",
        "quantity": [
          "надо",
          "не надо"
        ]
      },
      {
        "name": "Чековая лента",
        "quantity": [
          "надо",
          "не надо"
        ]
      }
    ]
  }
}