{
  "cook": {
    "ПРОДУКТЫ ДЛЯ РОЛЛОВ": [
      {
        "name": "Рис для суши",
        "quantity": [
          "1 мешок",
          "2 мешка",
          "3 мешка"
        ]
      },
      {
        "name": "Грудка куриная",
        "quantity": [
          "1 коробка",
          "2 коробки",
          "3 коробки"
        ]
      },
      {
        "name": "Угорь",
        "quantity": [
          "0,5 коробки",
          "1 коробка"
        ]
      },
      {
        "name": "Яйца",
        "quantity": [
          "90шт"
        ]
      },
      {
        "name": "Мясо мидий",
        "quantity": [
          "2кг",
          "3кг",
          "5кг",
          "8кг"
        ]
      },
      {
        "name": "Бобы",
        "quantity": [
          "0,5кг",
          "1кг",
          "2кг"
        ]
      },
      {
        "name": "Чука",
        "quantity": [
          "1кг",
          "2кг",
          "3кг"
        ]
      },
      {
        "name": "Рисовый уксус",
        "quantity": [
          "1 коробка",
          "2 коробки"
        ]
      },
      {
        "name": "Креветки",
        "quantity": [
          "6 коробок",
          "7 коробок",
          "8 коробок",
          "9 коробок"
        ]
      },
      {
        "name": "Имбирь белый",
        "quantity": [
          "1 коробка",
          "2 коробка"
        ]
      },
      {
        "name": "Чеснок сушеный",
        "quantity": [
          "0,5 кг",
          "1кг"
        ]
      },
      {
        "name": "Базилик сушеный",
        "quantity": [
          "1кг"
        ]
      },
      {
        "name": "Лук резаный сушеный",
        "quantity": [
          "1 банка"
        ]
      },
      {
        "name": "Сухари панировочные",
        "quantity": [
          "3шт",
          "5шт",
          "7шт"
        ]
      },
      {
        "name": "Укроп сушеный",
        "quantity": [
          "1кг",
          "2кг"
        ]
      },
      {
        "name": "Кунжут белый",
        "quantity": [
          "2кг",
          "3кг",
          "4кг",
          "5кг"
        ]
      },
      {
        "name": "Кунжут черный",
        "quantity": [
          "2кг",
          "3кг",
          "4кг"
        ]
      },
      {
        "name": "Стружка тунца",
        "quantity": [
          "1 шт",
          " 2шт"
        ]
      },
      {
        "name": "Шиитаке",
        "quantity": [
          "2 шт",
          "3шт",
          "4шт"
        ]
      },
      {
        "name": "Масло для фритюра",
        "quantity": [
          "2х5л",
          "3х5л",
          "4х5л"
        ]
      },
      {
        "name": "Масло растительное",
        "quantity": [
          "3 бут",
          "5 бут",
          "7 бут"
        ]
      },
      {
        "name": "Нори",
        "quantity": [
          "5шт",
          "7шт",
          "9шт",
          "12шт"
        ]
      },
      {
        "name": "Кунжутное масло",
        "quantity": [
          "1 бут"
        ]
      },
      {
        "name": "Лук фри",
        "quantity": [
          "1 кг",
          "2 кг"
        ]
      },
      {
        "name": "Сыр чеддер",
        "quantity": [
          "0,5 кг",
          "1 кг",
          "2 кг"
        ]
      }
    ],
    "ПРОДУКТЫ ДЛЯ ПИЦЦЫ": [
      {
        "name": "Дрожжи",
        "quantity": [
          "1 пачка"
        ]
      },
      {
        "name": "Ананас",
        "quantity": [
          "3 банки",
          "5 банок"
        ]
      },
      {
        "name": "Халапеньо",
        "quantity": [
          "1 банка",
          "2 банки"
        ]
      },
      {
        "name": "Кукуруза консервы",
        "quantity": [
          "3 банки",
          "5 банок"
        ]
      },
      {
        "name": "Колбаски баварские",
        "quantity": [
          "0,5 кг",
          "1 кг",
          "2 кг"
        ]
      },
      {
        "name": "Филе куриное замороженное",
        "quantity": [
          "3 кг",
          "5 кг",
          "7 кг"
        ]
      },
      {
        "name": "Маслины",
        "quantity": [
          "1 банка",
          "2 банки"
        ]
      },
      {
        "name": "Огурцы маринованные",
        "quantity": [
          "1 большая банка",
          "пару пакетов"
        ]
      },
      {
        "name": "Сгущенка",
        "quantity": [
          "надо"
        ]
      },
      {
        "name": "Мука лидская премиум",
        "quantity": [
          "20кг",
          "40кг",
          "60кг",
          "80кг"
        ]
      },
      {
        "name": "Сахар",
        "quantity": [
          "5кг",
          "10кг",
          "20кг"
        ]
      },
      {
        "name": "Соль",
        "quantity": [
          "5кг",
          "10кг"
        ]
      },
      {
        "name": "Крупа манная",
        "quantity": [
          "3кг",
          "5кг",
          "10кг"
        ]
      }
    ],
    "Другие поставщики": [
      {
        "name": "Концентрат манго-маракуйя или пюре",
        "quantity": [
          "1кг"
        ]
      },
      {
        "name": "Тортилья",
        "quantity": [
          "3 пачки",
          "5 пачек",
          "7 пачек",
          "10 пачек"
        ]
      },
      {
        "name": "Унаги",
        "quantity": [
          "2 бут",
          "3 бут",
          "4 бут",
          "5 бут"
        ]
      },
      {
        "name": "Терияки",
        "quantity": [
          "2 бут",
          "3 бут",
          "4 бут",
          "5 бут"
        ]
      },
      {
        "name": "Бекон слайсы",
        "quantity": [
          "3кг",
          "6кг",
          "9кг",
          "12кг"
        ]
      },
      {
        "name": "Пепперони слайсы",
        "quantity": [
          "3кг",
          "6кг",
          "9кг",
          "12кг"
        ]
      },
      {
        "name": "Ветчина слайсы",
        "quantity": [
          "3кг",
          "6кг",
          "9кг",
          "12кг"
        ]
      },
      {
        "name": "Смесь темпура тамаки",
        "quantity": [
          "3шт",
          "5шт",
          "7шт"
        ]
      }
    ],
    "СТАРТЕРЫ": [
      {
        "name": "Наггетсы",
        "quantity": [
          "3кг",
          "5кг",
          "7кг"
        ]
      },
      {
        "name": "Фри",
        "quantity": [
          "3 пачки",
          "5 пачек",
          "7 пачек"
        ]
      },
      {
        "name": "Сырные палочки",
        "quantity": [
          "1кг",
          "2кг",
          "3кг",
          "4кг"
        ]
      },
      {
        "name": "Креветки в панировке",
        "quantity": [
          "1 пачка",
          "2 пачки",
          "3 пачки",
          "4 пачки"
        ]
      }
    ],
    "СОУСА": [
      {
        "name": "Майонез 67%",
        "quantity": [
          "1 банка",
          "2 банки",
          "3 банки",
          "4 банки"
        ]
      },
      {
        "name": "Соус для пиццы",
        "quantity": [
          "2 банки",
          "3 банки",
          "4 банки",
          "5 банок"
        ]
      },
      {
        "name": "Паста том ям",
        "quantity": [
          "1шт",
          "2шт"
        ]
      },
      {
        "name": "Ким чи",
        "quantity": [
          "1 бут",
          "2 бут"
        ]
      },
      {
        "name": "Шрирача",
        "quantity": [
          "1 бут",
          "2 бут",
          "3 бут"
        ]
      },
      {
        "name": "Соевый в бутылках",
        "quantity": [
          "1 бут",
          "2 бут",
          "3 бут"
        ]
      },
      {
        "name": "Ореховый",
        "quantity": [
          "1 бут",
          "2 бут",
          "3 бут"
        ]
      },
      {
        "name": "Нити чили",
        "quantity": [
          "1 банка",
          "2 банки"
        ]
      }
    ],
    "Блгрупп": [
      {
        "name": "Соус для гамбургеров",
        "quantity": [
          "3кг",
          "5кг",
          "10кг"
        ]
      },
      {
        "name": "Соус песто",
        "quantity": [
          "3кг",
          "5кг",
          "7кг"
        ]
      },
      {
        "name": "Соус ранч",
        "quantity": [
          "5кг",
          "10кг",
          "15кг"
        ]
      },
      {
        "name": "Кетчуп",
        "quantity": [
          "1кг",
          "2кг",
          "3кг"
        ]
      },
      {
        "name": "Соус карри",
        "quantity": [
          "2кг",
          "3кг",
          "4кг"
        ]
      },
      {
        "name": "Соус лемонграсс",
        "quantity": [
          "1 бут",
          "2 бут",
          "3 бут"
        ]
      },
      {
        "name": "Соус горчичный",
        "quantity": [
          "2кг",
          "3кг",
          "4кг"
        ]
      },
      {
        "name": "Соус барбекю",
        "quantity": [
          "2кг",
          "3кг",
          "5кг"
        ]
      },
      {
        "name": "Сырный соус",
        "quantity": [
          "2кг",
          "3кг",
          "5кг"
        ]
      },
      {
        "name": "Кисло сладкий",
        "quantity": [
          "1кг",
          "2кг"
        ]
      },
      {
        "name": "Свит чили",
        "quantity": [
          "1бут",
          "2бут"
        ]
      }
    ],
    "ОВОЩИ ДЛЯ РОЛЛОВ И ПИЦЦЫ": [
      {
        "name": "Лук красный",
        "quantity": [
          "3кг",
          "5кг",
          "10кг"
        ]
      },
      {
        "name": "Перец",
        "quantity": [
          "2кг",
          "3кг",
          "5кг"
        ]
      },
      {
        "name": "Помидоры",
        "quantity": [
          "5кг",
          "8кг",
          "10кг",
          "15кг"
        ]
      },
      {
        "name": "Огурцы",
        "quantity": [
          "7кг",
          "10кг",
          "15кг",
          "20кг"
        ]
      },
      {
        "name": "Авокадо",
        "quantity": [
          "1кг",
          "2кг",
          "3кг"
        ]
      },
      {
        "name": "Черри",
        "quantity": [
          "1кг",
          "1,5кг",
          "2кг"
        ]
      },
      {
        "name": "Айсберг",
        "quantity": [
          "2-3кг",
          "3-4кг"
        ]
      },
      {
        "name": "Шампиньоны свежие",
        "quantity": [
          "3кг",
          "6кг",
          "9кг"
        ]
      }
    ],
    "Санта": [
      {
        "name": "Икра красная",
        "quantity": [
          "3шт",
          "4шт",
          "5шт",
          "6шт"
        ]
      },
      {
        "name": "Икра рыжая",
        "quantity": [
          "3шт",
          "4шт",
          "5шт",
          "6шт"
        ]
      },
      {
        "name": "Икра чёрная",
        "quantity": [
          "2шт",
          "3шт",
          "4шт"
        ]
      },
      {
        "name": "Снежный краб",
        "quantity": [
          "1 коробка",
          "2 коробки",
          "3коробки"
        ]
      },
      {
        "name": "Рыба",
        "quantity": [
          "1 коробка",
          "2 коробки",
          "3 коробки"
        ]
      },
      {
        "name": "Мороженое Пломбир (Рч)",
        "quantity": [
          "2,6кг коробка",
          "4х1,3кг"
        ]
      },
      {
        "name": "Мороженое шоколад (Рч)",
        "quantity": [
          "2,6кг коробка",
          "4х1,3кг"
        ]
      },
      {
        "name": "Клюква замороженная",
        "quantity": [
          "0,5кг",
          "1кг"
        ]
      },
      {
        "name": "Морковь по-корейски",
        "quantity": [
          "надо"
        ]
      }
    ],
    "Савушкин": [
      {
        "name": "Сыр творожный",
        "quantity": [
          "7 банок",
          "9 банок",
          "11 банок",
          "13 банок",
          "15 банок",
          "17 банок"
        ]
      },
      {
        "name": "Сыр моцарелла натуральный кубики",
        "quantity": [
          "12 кг",
          "24 кг",
          "32 кг"
        ]
      },
      {
        "name": "Сыр моцарелла с заменителем кубики",
        "quantity": [
          "12кг",
          "24кг",
          "32кг"
        ]
      },
      {
        "name": "Молоко (Рч_entry)",
        "quantity": [
          "6шт",
          "12шт",
          "18шт"
        ]
      },
      {
        "name": "Сыр фета",
        "quantity": [
          "1 упаковка",
          "2 упаковки"
        ]
      }
    ],
    "Допы Речица": [
      {
        "name": "Топпинг клубника",
        "quantity": [
          "1 бут",
          "2 бут"
        ]
      },
      {
        "name": "Топпинг карамель",
        "quantity": [
          "1 бут",
          "2 бут"
        ]
      },
      {
        "name": "Топпинг шоколад",
        "quantity": [
          "1 бут",
          "2 бут"
        ]
      },
      {
        "name": "Топпинг банан",
        "quantity": [
          "1 бут",
          "2 бут"
        ]
      },
      {
        "name": "Топпинг манго-маракуйя",
        "quantity": [
          "1 бут",
          "2 бут"
        ]
      },
      {
        "name": "Топпинг киви",
        "quantity": [
          "1 бут",
          "2 бут"
        ]
      }
    ]
  },
  "cashier": {
    "ПРОДУКТЫ ДЛЯ РОЛЛОВ": [
      {
        "name": "Рис для суши",
        "quantity": []
      },
      {
        "name": "Грудка куриная",
        "quantity": []
      },
      {
        "name": "Угорь",
        "quantity": []
      },
      {
        "name": "Яйца",
        "quantity": []
      },
      {
        "name": "Мясо мидий",
        "quantity": []
      },
      {
        "name": "Бобы",
        "quantity": []
      },
      {
        "name": "Чука",
        "quantity": []
      },
      {
        "name": "Рисовый уксус",
        "quantity": []
      },
      {
        "name": "Креветки",
        "quantity": []
      },
      {
        "name": "Имбирь белый",
        "quantity": []
      },
      {
        "name": "Чеснок сушеный",
        "quantity": []
      },
      {
        "name": "Базилик сушеный",
        "quantity": []
      },
      {
        "name": "Лук резаный сушеный",
        "quantity": []
      },
      {
        "name": "Сухари панировочные",
        "quantity": []
      },
      {
        "name": "Укроп сушеный",
        "quantity": []
      },
      {
        "name": "Кунжут белый",
        "quantity": []
      },
      {
        "name": "Кунжут черный",
        "quantity": []
      },
      {
        "name": "Стружка тунца",
        "quantity": []
      },
      {
        "name": "Шиитаке",
        "quantity": []
      },
      {
        "name": "Масло для фритюра",
        "quantity": []
      },
      {
        "name": "Масло растительное",
        "quantity": []
      },
      {
        "name": "Нори",
        "quantity": []
      },
      {
        "name": "Кунжутное масло",
        "quantity": []
      },
      {
        "name": "Лук фри",
        "quantity": []
      },
      {
        "name": "Сыр чеддер",
        "quantity": []
      }
    ],
    "ПРОДУКТЫ ДЛЯ ПИЦЦЫ": [
      {
        "name": "Дрожжи",
        "quantity": []
      },
      {
        "name": "Ананас",
        "quantity": []
      },
      {
        "name": "Халапеньо",
        "quantity": []
      },
      {
        "name": "Кукуруза консервы",
        "quantity": []
      },
      {
        "name": "Колбаски баварские",
        "quantity": []
      },
      {
        "name": "Филе куриное замороженное",
        "quantity": []
      },
      {
        "name": "Маслины",
        "quantity": []
      },
      {
        "name": "Огурцы маринованные",
        "quantity": []
      },
      {
        "name": "Сгущенка",
        "quantity": []
      },
      {
        "name": "Мука лидская премиум",
        "quantity": []
      },
      {
        "name": "Сахар",
        "quantity": []
      },
      {
        "name": "Соль",
        "quantity": []
      },
      {
        "name": "Крупа манная",
        "quantity": []
      }
    ],
    "Другие поставщики": [
      {
        "name": "Концентрат манго-маракуйя",
        "quantity": []
      },
      {
        "name": "Тортилья",
        "quantity": []
      },
      {
        "name": "Унаги",
        "quantity": []
      },
      {
        "name": "Терияки",
        "quantity": []
      },
      {
        "name": "Бекон слайсы",
        "quantity": []
      },
      {
        "name": "Пепперони слайсы",
        "quantity": []
      },
      {
        "name": "Ветчина слайсы",
        "quantity": []
      },
      {
        "name": "Смесь темпура тамаки",
        "quantity": []
      }
    ],
    "СТАРТЕРЫ": [
      {
        "name": "Наггетсы",
        "quantity": []
      },
      {
        "name": "Фри",
        "quantity": []
      },
      {
        "name": "Сырные палочки",
        "quantity": []
      },
      {
        "name": "Креветки в панировке",
        "quantity": []
      }
    ],
    "СОУСА": [
      {
        "name": "Майонез 67%",
        "quantity": []
      },
      {
        "name": "Соус для пиццы",
        "quantity": []
      },
      {
        "name": "Паста том ям",
        "quantity": []
      },
      {
        "name": "Ким чи",
        "quantity": []
      },
      {
        "name": "Шрирача",
        "quantity": []
      },
      {
        "name": "Соевый в бутылках",
        "quantity": []
      },
      {
        "name": "Ореховый",
        "quantity": []
      },
      {
        "name": "Нити чили",
        "quantity": []
      }
    ],
    "Блгрупп": [
      {
        "name": "Соус для гамбургеров",
        "quantity": []
      },
      {
        "name": "Соус песто",
        "quantity": []
      },
      {
        "name": "Соус ранч",
        "quantity": []
      },
      {
        "name": "Кетчуп",
        "quantity": []
      },
      {
        "name": "Соус карри",
        "quantity": []
      },
      {
        "name": "Соус лемонграсс",
        "quantity": []
      },
      {
        "name": "Соус горчичный",
        "quantity": []
      },
      {
        "name": "Соус барбекю",
        "quantity": []
      },
      {
        "name": "Сырный соус",
        "quantity": []
      },
      {
        "name": "Кисло сладкий",
        "quantity": []
      },
      {
        "name": "Свит чили",
        "quantity": []
      }
    ],
    "ОВОЩИ ДЛЯ РОЛЛОВ И ПИЦЦЫ": [
      {
        "name": "Лук красный",
        "quantity": []
      },
      {
        "name": "Перец",
        "quantity": []
      },
      {
        "name": "Помидоры",
        "quantity": []
      },
      {
        "name": "Огурцы",
        "quantity": []
      },
      {
        "name": "Авокадо",
        "quantity": []
      },
      {
        "name": "Черри",
        "quantity": []
      },
      {
        "name": "Айсберг",
        "quantity": []
      },
      {
        "name": "Шампиньоны свежие",
        "quantity": []
      }
    ],
    "Санта": [
      {
        "name": "Икра красная",
        "quantity": []
      },
      {
        "name": "Икра рыжая",
        "quantity": []
      },
      {
        "name": "Икра чёрная",
        "quantity": []
      },
      {
        "name": "Снежный краб",
        "quantity": []
      },
      {
        "name": "Рыба",
        "quantity": []
      },
      {
        "name": "Мороженое Пломбир (Рч)",
        "quantity": []
      },
      {
        "name": "Мороженое шоколад (Рч)",
        "quantity": []
      },
      {
        "name": "Клюква замороженная",
        "quantity": []
      },
      {
        "name": "Морковь по-корейски",
        "quantity": []
      }
    ],
    "Савушкин": [
      {
        "name": "Сыр творожный",
        "quantity": []
      },
      {
        "name": "Сыр моцарелла натуральный кубики",
        "quantity": []
      },
      {
        "name": "Сыр моцарелла с заменителем кубики",
        "quantity": []
      },
      {
        "name": "Молоко (Рч_entry)",
        "quantity": []
      },
      {
        "name": "Сыр фета",
        "quantity": []
      }
    ],
    "Допы Речица": [
      {
        "name": "Топпинг клубника",
        "quantity": []
      },
      {
        "name": "Топпинг карамель",
        "quantity": []
      },
      {
        "name": "Топпинг шоколад",
        "quantity": []
      },
      {
        "name": "Топпинг банан",
        "quantity": []
      },
      {
        "name": "Топпинг манго-маракуйя",
        "quantity": []
      },
      {
        "name": "Топпинг киви",
        "quantity": []
      }
    ]
  }
}